-- 创建学校表
CREATE TABLE School (
    school_id SERIAL PRIMARY KEY,
    school_name VARCHAR(100) NOT NULL,
    address VARCHAR(255),
    phone_number VARCHAR(20)
);

-- 创建教师表
CREATE TABLE Teachers (
    teacher_id SERIAL PRIMARY KEY,
    school_id INT,
    teacher_name VARCHAR(100) NOT NULL,
    subject_taught VARCHAR(100),
    FOREIGN KEY (school_id) REFERENCES School(school_id)
);

-- 创建学生表
CREATE TABLE Students (
    student_id SERIAL PRIMARY KEY,
    school_id INT,
    student_name VARCHAR(100) NOT NULL,
    grade_level VARCHAR(20),
    FOREIGN KEY (school_id) REFERENCES School(school_id)
);

-- 创建班级表
CREATE TABLE Classes (
    class_id SERIAL PRIMARY KEY,
    teacher_id INT,
    class_name VARCHAR(100),
    schedule VARCHAR(50),
    FOREIGN KEY (teacher_id) REFERENCES Teachers(teacher_id)
);

-- 创建序列
CREATE SEQUENCE enrollment_sequence START WITH 1 INCREMENT BY 1;

-- 创建选课表
CREATE TABLE Enrollments (
    enrollment_id INT PRIMARY KEY DEFAULT nextval('enrollment_sequence'),
    student_id INT,
    class_id INT,
    enrollment_date DATE,
    FOREIGN KEY (student_id) REFERENCES Students(student_id),
    FOREIGN KEY (class_id) REFERENCES Classes(class_id)
);

-- 插入学校数据
INSERT INTO School (school_name, address, phone_number)
VALUES
('北京大学', '北京市海淀区颐和园路5号', '010-62751000'),
('清华大学', '北京市海淀区清华园1号', '010-62781199'),
('复旦大学', '上海市杨浦区邯郸路220号', '021-65642222'),
('浙江大学', '浙江省杭州市西湖区余杭塘路866号', '0571-87951000'),
('南京大学', '江苏省南京市鼓楼区汉口路22号', '025-83592999'),
('上海交通大学', '上海市闵行区东川路800号', '021-54740000'),
('中国科学技术大学', '安徽省合肥市包河区金寨路96号', '0551-63602999'),
('武汉大学', '湖北省武汉市武昌区八一路299号', '027-68752114'),
('中山大学', '广东省广州市海珠区新港西路135号', '020-84113030'),
('华中科技大学', '湖北省武汉市洪山区珞喻路1037号', '027-87542242'),
('北京师范大学', '北京市海淀区新街口外大街19号', '010-58807722'),
('南开大学', '天津市南开区卫津路94号', '022-23508114'),
('西安交通大学', '陕西省西安市咸宁西路28号', '029-82668231'),
('哈尔滨工业大学', '黑龙江省哈尔滨市南岗区西大直街92号', '0451-86412345'),
('东南大学', '江苏省南京市玄武区四牌楼2号', '025-83795114'),
('四川大学', '四川省成都市一环路南一段24号', '028-85401111'),
('山东大学', '山东省济南市历城区山大南路27号', '0531-88364888'),
('厦门大学', '福建省厦门市思明区思明南路422号', '0592-2186200'),
('吉林大学', '吉林省长春市前进大街2699号', '0431-85166222'),
('天津大学', '天津市南开区卫津路92号', '022-27401111'),
('同济大学', '上海市杨浦区四平路1239号', '021-65982200'),
('北京航空航天大学', '北京市海淀区学院路37号', '010-82317114'),
('北京理工大学', '北京市海淀区中关村南大街5号', '010-68912345'),
('西北工业大学', '陕西省西安市友谊西路127号', '029-88492114'),
('北京邮电大学', '北京市海淀区西土城路10号', '010-62282040'),
('华东师范大学', '上海市闵行区东川路500号', '021-62232222'),
('北京科技大学', '北京市海淀区学院路30号', '010-62332399'),
('北京化工大学', '北京市朝阳区北三环东路15号', '010-64434771');

-- 插入教师数据
INSERT INTO Teachers (school_id, teacher_name, subject_taught)
VALUES
(1, '张三', '数学'),
(2, '李四', '物理'),
(3, '王五', '化学'),
(4, '赵六', '生物'),
(5, '孙七', '英语'),
(6, '周八', '历史'),
(7, '吴九', '地理'),
(8, '郑十', '计算机科学'),
(9, '钱十一', '文学'),
(10, '陈十二', '艺术'),
(11, '冯十三', '体育'),
(12, '朱十四', '音乐'),
(13, '秦十五', '政治'),
(14, '纪十六', '经济'),
(15, '萧十七', '法律'),
(16, '曹十八', '心理学'),
(17, '许十九', '社会学'),
(18, '何二十', '哲学'),
(19, '吕二十一', '宗教'),
(20, '施二十二', '环境科学'),
(21, '张二十三', '政治学'),
(22, '孔二十四', '刑事司法'),
(23, '曹二十五', '公共演讲'),
(24, '严二十六', '人类学'),
(25, '华二十七', '哲学'),
(26, '金二十八', '宗教'),
(27, '魏二十九', '环境科学'),
(28, '陶三十', '政治学');

-- 插入学生数据
INSERT INTO Students (school_id, student_name, grade_level)
VALUES
(1, '李华', '高一'),
(1, '王明', '高二'),
(1, '张丽', '高三'),
(2, '刘洋', '高一'),
(2, '陈静', '高二'),
(2, '赵刚', '高三'),
(3, '李娜', '高一'),
(3, '王强', '高二'),
(3, '张勇', '高三'),
(4, '刘芳', '高一'),
(4, '陈涛', '高二'),
(4, '赵敏', '高三'),
(5, '李莉', '高一'),
(5, '王磊', '高二'),
(5, '张慧', '高三'),
(6, '刘杰', '高一'),
(6, '陈丽', '高二'),
(6, '赵勇', '高三'),
(7, '李敏', '高一'),
(7, '王芳', '高二'),
(7, '张涛', '高三'),
(8, '刘静', '高一'),
(8, '陈强', '高二'),
(8, '赵丽', '高三'),
(9, '李勇', '高一'),
(9, '王杰', '高二'),
(9, '张芳', '高三'),
(10, '刘涛', '高一'),
(10, '陈敏', '高二'),
(10, '赵涛', '高三'),
(11, '李涛', '高一'),
(11, '王涛', '高二'),
(11, '张涛', '高三'),
(12, '刘涛', '高一'),
(12, '陈涛', '高二'),
(12, '赵涛', '高三'),
(13, '李涛', '高一'),
(13, '王涛', '高二'),
(13, '张涛', '高三'),
(14, '刘涛', '高一'),
(14, '陈涛', '高二'),
(14, '赵涛', '高三'),
(15, '李涛', '高一'),
(15, '王涛', '高二'),
(15, '张涛', '高三'),
(16, '刘涛', '高一'),
(16, '陈涛', '高二'),
(16, '赵涛', '高三'),
(17, '李涛', '高一'),
(17, '王涛', '高二'),
(17, '张涛', '高三'),
(18, '刘涛', '高一'),
(18, '陈涛', '高二'),
(18, '赵涛', '高三'),
(19, '李涛', '高一'),
(19, '王涛', '高二'),
(19, '张涛', '高三'),
(20, '刘涛', '高一'),
(20, '陈涛', '高二'),
(20, '赵涛', '高三'),
(21, '李涛', '高一'),
(21, '王涛', '高二'),
(21, '张涛', '高三'),
(22, '刘涛', '高一'),
(22, '陈涛', '高二'),
(22, '赵涛', '高三'),
(23, '李涛', '高一'),
(23, '王涛', '高二'),
(23, '张涛', '高三'),
(24, '刘涛', '高一'),
(24, '陈涛', '高二'),
(24, '赵涛', '高三'),
(25, '李涛', '高一'),
(25, '王涛', '高二'),
(25, '张涛', '高三'),
(26, '刘涛', '高一'),
(26, '陈涛', '高二'),
(26, '赵涛', '高三'),
(27, '李涛', '高一'),
(27, '王涛', '高二'),
(27, '张涛', '高三'),
(28, '刘涛', '高一'),
(28, '陈涛', '高二'),
(28, '赵涛', '高三'),
(29, '李涛', '高一'),
(29, '王涛', '高二'),
(29, '张涛', '高三'),
(30, '刘涛', '高一'),
(30, '陈涛', '高二'),
(30, '赵涛', '高三');

-- 插入班级数据
INSERT INTO Classes (teacher_id, class_name, schedule)
VALUES
(1, '代数I', '周一、周三、周五 9:00 AM - 10:30 AM'),
(2, '生物学', '周二、周四 10:00 AM - 11:30 AM'),
(3, '英语文学', '周一、周三 11:00 AM - 12:30 PM'),
(4, '世界历史', '周二、周四 9:00 AM - 10:30 AM'),
(5, '体育', '周一、周三、周五 1:00 PM - 2:30 PM'),
(6, '艺术欣赏', '周二、周四 1:00 PM - 2:30 PM'),
(7, '音乐理论', '周一、周三 2:00 PM - 3:30 PM'),
(8, '计算机编程', '周二、周四 11:00 AM - 12:30 PM'),
(9, '化学', '周一、周三 9:00 AM - 10:30 AM'),
(10, '物理学', '周二、周四 2:00 PM - 3:30 PM');

-- 生成100条随机记录
INSERT INTO Enrollments (student_id, class_id, enrollment_date)
SELECT
    ROUND(RANDOM() * 29 + 1) AS student_id,
    ROUND(RANDOM() * 9 + 1) AS class_id,
    (NOW() + (RANDOM() * (INTERVAL '1 year')))::DATE AS enrollment_date
FROM
    generate_series(1, 100);
